"","Chisq","Df","Pr..Chisq.","contrast","estimate","SE","df","z.ratio","p.value","prop","runid"
"group:remaining_time_reversed",33.0542526456038,1,8.96228069335007e-09,"group1 - group2",-0.000406873780242161,6.65746953796182e-05,Inf,-6.11153799385954,9.86755029604808e-10,0.6,1
"group:remaining_time_reversed1",34.4584549142347,1,4.35447135479819e-09,"group1 - group2",-0.000412114810586541,6.53808948271418e-05,Inf,-6.30329107113197,2.91390921653958e-10,0.6,2
"group:remaining_time_reversed2",38.3812484848138,1,5.8188835064096e-10,"group1 - group2",-0.000427953637053698,6.68208786574585e-05,Inf,-6.40448981893071,1.50873020929859e-10,0.6,3
"group:remaining_time_reversed3",26.9755056450806,1,2.06050116168721e-07,"group1 - group2",-0.000324786259553465,6.37608553776718e-05,Inf,-5.09381904664976,3.50921721390629e-07,0.6,4
"group:remaining_time_reversed4",12.0032930922373,1,0.000531066281167179,"group1 - group2",-0.000242755629774828,6.40865437706372e-05,Inf,-3.78793449438683,0.000151904884509841,0.6,5
"group:remaining_time_reversed5",25.8771168288674,1,3.63857057695307e-07,"group1 - group2",-0.000321447642157963,6.4351031216936e-05,Inf,-4.99522130537924,5.87683358963396e-07,0.6,6
"group:remaining_time_reversed6",25.0956822042926,1,5.4554877069349e-07,"group1 - group2",-0.000305424887996932,6.48708734999285e-05,Inf,-4.70819755490526,2.49916831290049e-06,0.6,7
"group:remaining_time_reversed7",50.109938896336,1,1.45368830177054e-12,"group1 - group2",-0.000493270979269186,6.42367793720876e-05,Inf,-7.67894941326283,1.60398554465417e-14,0.6,8
"group:remaining_time_reversed8",13.1067801763098,1,0.000294228949841039,"group1 - group2",-0.000237692913323945,6.5033536362846e-05,Inf,-3.65492831264425,0.000257253850656697,0.6,9
"group:remaining_time_reversed9",17.4868463164984,1,2.89302360334591e-05,"group1 - group2",-0.000308518335566237,6.3105159298152e-05,Inf,-4.88895581593551,1.01372243027989e-06,0.6,10
"group:remaining_time_reversed10",54.5589564648911,1,1.5085355676805e-13,"group1 - group2",-0.000533884651185391,6.78440058577506e-05,Inf,-7.86929728625981,3.5663878022652e-15,0.6,11
"group:remaining_time_reversed11",30.7989902636618,1,2.86186736747571e-08,"group1 - group2",-0.000394912312824277,6.70860549575265e-05,Inf,-5.88665279355455,3.94095417977816e-09,0.6,12
"group:remaining_time_reversed12",19.1581150858936,1,1.20324851487943e-05,"group1 - group2",-0.000268345228603157,6.35037559015135e-05,Inf,-4.22565917233821,2.38242351985409e-05,0.6,13
"group:remaining_time_reversed13",37.1615474899392,1,1.087369269865e-09,"group1 - group2",-0.00045016675412077,6.7084203992439e-05,Inf,-6.71047321619122,1.93994253521613e-11,0.6,14
"group:remaining_time_reversed14",25.5947744356893,1,4.21178449645638e-07,"group1 - group2",-0.000329969267443678,6.27970992946432e-05,Inf,-5.25453040267778,1.48402630965874e-07,0.6,15
"group:remaining_time_reversed15",40.1148726493413,1,2.3945891419628e-10,"group1 - group2",-0.000438778542556393,6.70489327809818e-05,Inf,-6.54415401345286,5.98331117552663e-11,0.6,16
"group:remaining_time_reversed16",29.1865810780849,1,6.57328802935014e-08,"group1 - group2",-0.000335799832052075,6.29794398931146e-05,Inf,-5.3318961334362,9.71925281386911e-08,0.6,17
"group:remaining_time_reversed17",27.6129987625992,1,1.48179613277912e-07,"group1 - group2",-0.0003483386429585,6.31039845191043e-05,Inf,-5.52007366275014,3.38857581599802e-08,0.6,18
"group:remaining_time_reversed18",27.1600100896064,1,1.87292924495518e-07,"group1 - group2",-0.000327502133362696,6.31503784754886e-05,Inf,-5.18606762570415,2.14780845245303e-07,0.6,19
"group:remaining_time_reversed19",36.0464175822788,1,1.92672683262588e-09,"group1 - group2",-0.000420266718811629,6.66503855353575e-05,Inf,-6.30554070221667,2.87189516377925e-10,0.6,20
"group:remaining_time_reversed20",24.688547906998,1,6.73833867384538e-07,"group1 - group2",-0.000338863720457649,6.64006784079254e-05,Inf,-5.1033171434767,3.33750989620636e-07,0.6,21
"group:remaining_time_reversed21",11.4251369605268,1,0.000724570840570531,"group1 - group2",-0.000224244018039365,6.36849980949049e-05,Inf,-3.52114351491683,0.000429689991160826,0.6,22
"group:remaining_time_reversed22",30.7473295726712,1,2.93908035464988e-08,"group1 - group2",-0.000369020141973764,6.38080589026419e-05,Inf,-5.78328424841781,7.32561244826276e-09,0.6,23
"group:remaining_time_reversed23",51.083834038227,1,8.85041767679878e-13,"group1 - group2",-0.000493393280603962,6.61474540354045e-05,Inf,-7.45899124613141,8.7187399399591e-14,0.6,24
"group:remaining_time_reversed24",11.2562967525326,1,0.000793533661703126,"group1 - group2",-0.000250236499290703,6.593652180456e-05,Inf,-3.79511221463,0.000147576693029266,0.6,25
"group:remaining_time_reversed25",10.2123966808074,1,0.00139499768797947,"group1 - group2",-0.000214874547978589,6.57265240751526e-05,Inf,-3.26922123149093,0.00107843945499698,0.6,26
"group:remaining_time_reversed26",22.7672673917046,1,1.82853734087754e-06,"group1 - group2",-0.00032087682860504,6.6616093044826e-05,Inf,-4.81680647931607,1.45874038604929e-06,0.6,27
"group:remaining_time_reversed27",15.5598009125912,1,7.99361777993626e-05,"group1 - group2",-0.000298655196739165,6.65363078948761e-05,Inf,-4.48860488638812,7.16911245465567e-06,0.6,28
"group:remaining_time_reversed28",35.3795189439047,1,2.71325044729526e-09,"group1 - group2",-0.000401170913593064,6.34224169420766e-05,Inf,-6.3253804086251,2.52609483957241e-10,0.6,29
"group:remaining_time_reversed29",55.8192632553876,1,7.94492314858065e-14,"group1 - group2",-0.000488763026148,6.66326000770734e-05,Inf,-7.33519366770398,2.21401092518241e-13,0.6,30
"group:remaining_time_reversed30",40.205738584364,1,2.2857582016018e-10,"group1 - group2",-0.000431416532979205,6.27696926584366e-05,Inf,-6.87300693547717,6.28625086255839e-12,0.6,31
"group:remaining_time_reversed31",33.703863937624,1,6.41730934419201e-09,"group1 - group2",-0.000385065978171177,6.84660226951007e-05,Inf,-5.62419084698389,1.86379509962924e-08,0.6,32
"group:remaining_time_reversed32",33.0573231248038,1,8.94813841510387e-09,"group1 - group2",-0.000343885842145037,6.24392814531038e-05,Inf,-5.50752401600455,3.63915776828425e-08,0.6,33
"group:remaining_time_reversed33",52.4330164234127,1,4.45176307665487e-13,"group1 - group2",-0.000485419141116417,6.42000806849763e-05,Inf,-7.56103630925829,3.99870592957804e-14,0.6,34
"group:remaining_time_reversed34",42.7989792720948,1,6.06638046719647e-11,"group1 - group2",-0.000426232584675627,6.49020109444734e-05,Inf,-6.56732477889303,5.12272360613891e-11,0.6,35
"group:remaining_time_reversed35",46.3245899971682,1,1.00198534960838e-11,"group1 - group2",-0.000419279862140696,6.33145027793145e-05,Inf,-6.62217728538617,3.53946183310148e-11,0.6,36
"group:remaining_time_reversed36",15.988497589025,1,6.37285044662055e-05,"group1 - group2",-0.000266001420433199,6.460494149444e-05,Inf,-4.11735409521409,3.83247004953826e-05,0.6,37
"group:remaining_time_reversed37",63.5252968470539,1,1.58320599315513e-15,"group1 - group2",-0.000522529655405859,6.59572510071767e-05,Inf,-7.92224732575655,2.33255754781374e-15,0.6,38
"group:remaining_time_reversed38",26.5094756000997,1,2.6224860194678e-07,"group1 - group2",-0.000328256820719096,6.51047988263372e-05,Inf,-5.04197580879867,4.60749546668976e-07,0.6,39
"group:remaining_time_reversed39",6.91953027098905,1,0.00852593686104403,"group1 - group2",-0.000191140826011187,6.81482765468773e-05,Inf,-2.8047785754304,0.00503511562466568,0.6,40
"group:remaining_time_reversed40",34.2512086845127,1,4.84374513710878e-09,"group1 - group2",-0.000347269069090334,6.39910707827091e-05,Inf,-5.42683635142685,5.73616759732715e-08,0.6,41
"group:remaining_time_reversed41",46.1264753855218,1,1.10860179569966e-11,"group1 - group2",-0.000470030373229327,6.66072880305621e-05,Inf,-7.05674089318362,1.70453027687016e-12,0.6,42
"group:remaining_time_reversed42",54.3113466669754,1,1.71110923781576e-13,"group1 - group2",-0.000498870885435041,6.5988089891598e-05,Inf,-7.5600140306313,4.03025884704237e-14,0.6,43
"group:remaining_time_reversed43",28.2975691590365,1,1.04026536354284e-07,"group1 - group2",-0.000380251501370158,6.66101628932383e-05,Inf,-5.70861089139835,1.13901956662536e-08,0.6,44
"group:remaining_time_reversed44",12.7260692597742,1,0.000360593631324873,"group1 - group2",-0.000211098676656549,6.14486550510776e-05,Inf,-3.43536691699889,0.000591752030505689,0.6,45
"group:remaining_time_reversed45",6.80695019915477,1,0.00908037232432372,"group1 - group2",-0.000143320835445817,6.14800939045262e-05,Inf,-2.33117463464488,0.0197441530816543,0.6,46
"group:remaining_time_reversed46",13.1703859104225,1,0.000284408159979704,"group1 - group2",-0.000226328525892357,6.64712225411767e-05,Inf,-3.40490993304891,0.000661858791666901,0.6,47
"group:remaining_time_reversed47",40.4471865604498,1,2.02003116269997e-10,"group1 - group2",-0.000396195167735035,6.44239039122233e-05,Inf,-6.14981619671552,7.75727905634127e-10,0.6,48
"group:remaining_time_reversed48",62.940821179256,1,2.13011414221526e-15,"group1 - group2",-0.000528712646572492,6.67695284191529e-05,Inf,-7.91847207986016,2.40446919978024e-15,0.6,49
"group:remaining_time_reversed49",17.5870945206572,1,2.74444518440262e-05,"group1 - group2",-0.000272015248198768,6.40169632836483e-05,Inf,-4.24911202041113,2.14619580032576e-05,0.6,50
"group:remaining_time_reversed50",40.671784490619,1,1.80068549161964e-10,"group1 - group2",-0.000424041031986109,6.24574253972287e-05,Inf,-6.78928132706739,1.12693500043657e-11,0.7,1
"group:remaining_time_reversed51",47.7919987522218,1,4.73922237886744e-12,"group1 - group2",-0.000422093054931302,6.12445184394735e-05,Inf,-6.89193197507867,5.50396939337548e-12,0.7,2
"group:remaining_time_reversed52",34.2094915570108,1,4.94869963603441e-09,"group1 - group2",-0.000354054371564151,5.87897132965796e-05,Inf,-6.0223864297149,1.71863960610396e-09,0.7,3
"group:remaining_time_reversed53",49.1536973889558,1,2.36671840056462e-12,"group1 - group2",-0.000439753559965087,6.21086644552877e-05,Inf,-7.08038989119895,1.43749443340443e-12,0.7,4
"group:remaining_time_reversed54",17.1126247703998,1,3.5227359144578e-05,"group1 - group2",-0.000273443000996762,5.9409514550284e-05,Inf,-4.60268027885198,4.17088258756931e-06,0.7,5
"group:remaining_time_reversed55",50.4421290830558,1,1.22731050242487e-12,"group1 - group2",-0.000419814136416104,5.88145014398112e-05,Inf,-7.137935817508,9.47428475086136e-13,0.7,6
"group:remaining_time_reversed56",54.9425463190297,1,1.24105148323593e-13,"group1 - group2",-0.000428315490924581,5.84351121161425e-05,Inf,-7.32976245640265,2.30561031661483e-13,0.7,7
"group:remaining_time_reversed57",47.016672225144,1,7.03854102492902e-12,"group1 - group2",-0.000428724358300427,6.04623105918899e-05,Inf,-7.09077033450213,1.33367517491462e-12,0.7,8
"group:remaining_time_reversed58",26.2012315193676,1,3.0762628229389e-07,"group1 - group2",-0.000298292499560437,5.92875205929505e-05,Inf,-5.03128645922671,4.8719955578924e-07,0.7,9
"group:remaining_time_reversed59",25.0095945518736,1,5.70457367152669e-07,"group1 - group2",-0.000331779791620904,5.83010806553179e-05,Inf,-5.69080003134798,1.26445520015205e-08,0.7,10
"group:remaining_time_reversed60",5.0751799142605,1,0.0242707531547304,"group1 - group2",-0.000128435872503357,5.99375219270487e-05,Inf,-2.14282920571322,0.0321268152465943,0.7,11
"group:remaining_time_reversed61",31.2439679208574,1,2.27553440676681e-08,"group1 - group2",-0.000340587336076874,6.1931192864173e-05,Inf,-5.49944737579732,3.80983386060629e-08,0.7,12
"group:remaining_time_reversed62",25.8613922192474,1,3.66833256555771e-07,"group1 - group2",-0.000306140534273239,5.91231820562513e-05,Inf,-5.17801179885698,2.24263051193494e-07,0.7,13
"group:remaining_time_reversed63",20.2149379879055,1,6.92103713659721e-06,"group1 - group2",-0.000289904377463622,6.01680490886816e-05,Inf,-4.81824459749945,1.44826759668445e-06,0.7,14
"group:remaining_time_reversed64",69.4651049806154,1,7.7778457407286e-17,"group1 - group2",-0.000522417772384737,6.06477741214573e-05,Inf,-8.61396448513523,7.05765641144435e-18,0.7,15
"group:remaining_time_reversed65",43.3280536241045,1,4.62899042520012e-11,"group1 - group2",-0.000429337353889374,6.19349975668526e-05,Inf,-6.93206378874799,4.14744851215349e-12,0.7,16
"group:remaining_time_reversed66",57.2248949612319,1,3.88719481834972e-14,"group1 - group2",-0.000409108145683939,5.81246328455385e-05,Inf,-7.03846417010687,1.94370267181469e-12,0.7,17
"group:remaining_time_reversed67",41.7551540130653,1,1.03449191575928e-10,"group1 - group2",-0.000426198594432281,6.22290059029252e-05,Inf,-6.84887357990475,7.4433736706737e-12,0.7,18
"group:remaining_time_reversed68",49.1912803227491,1,2.32180499141723e-12,"group1 - group2",-0.000431420864948844,6.16256010780774e-05,Inf,-7.00067597559413,2.54730456489353e-12,0.7,19
"group:remaining_time_reversed69",45.5204530842939,1,1.51053219660033e-11,"group1 - group2",-0.000416273095877272,6.05445755877105e-05,Inf,-6.87548127700095,6.17809213406414e-12,0.7,20
"group:remaining_time_reversed70",44.3419046039161,1,2.75749949097983e-11,"group1 - group2",-0.000432356992375326,6.14091021010588e-05,Inf,-7.04060110932434,1.91412251844776e-12,0.7,21
"group:remaining_time_reversed71",19.5085330171235,1,1.00151298057977e-05,"group1 - group2",-0.00027622515668993,6.16329994005107e-05,Inf,-4.48177371500179,7.40252115804378e-06,0.7,22
"group:remaining_time_reversed72",26.835379864579,1,2.21544031303417e-07,"group1 - group2",-0.000328565793712525,6.1416847116215e-05,Inf,-5.34976654029149,8.80677659848036e-08,0.7,23
"group:remaining_time_reversed73",4.06089784711888,1,0.0438871589180588,"group1 - group2",-0.000132596452938556,5.90958497093199e-05,Inf,-2.24375237162627,0.0248483384100971,0.7,24
"group:remaining_time_reversed74",48.1519695465992,1,3.94432562155402e-12,"group1 - group2",-0.000413608326847654,6.02051243520639e-05,Inf,-6.86998542564218,6.42084638032760e-12,0.7,25
"group:remaining_time_reversed75",34.6125109060915,1,4.02312292749998e-09,"group1 - group2",-0.000380296196369368,6.21329783431657e-05,Inf,-6.12068190694095,9.3175744474096e-10,0.7,26
"group:remaining_time_reversed76",25.7816503952809,1,3.82305893408654e-07,"group1 - group2",-0.000319009244123666,5.91862725418958e-05,Inf,-5.3899194935422,7.04892542335465e-08,0.7,27
"group:remaining_time_reversed77",51.0547442367153,1,8.982553223638e-13,"group1 - group2",-0.000443295335265749,5.96378618772463e-05,Inf,-7.43311918489284,1.06066249037812e-13,0.7,28
"group:remaining_time_reversed78",38.0814510822042,1,6.78521162115883e-10,"group1 - group2",-0.000390984188907254,6.05256527622902e-05,Inf,-6.45980953634343,1.04834842584317e-10,0.7,29
"group:remaining_time_reversed79",84.7731165161764,1,3.34643632580077e-20,"group1 - group2",-0.00058496548880878,6.04594423747122e-05,Inf,-9.6753371488826,3.83824433327911e-22,0.7,30
"group:remaining_time_reversed80",24.5637539840266,1,7.18913567900244e-07,"group1 - group2",-0.000340257817848486,5.99918437658482e-05,Inf,-5.67173463073634,1.41358827092758e-08,0.7,31
"group:remaining_time_reversed81",27.2701803733862,1,1.76918932040512e-07,"group1 - group2",-0.00034337529707321,6.13526189449426e-05,Inf,-5.59675043996659,2.18406740374418e-08,0.7,32
"group:remaining_time_reversed82",37.3148272129806,1,1.00517470788491e-09,"group1 - group2",-0.000391330223932245,6.03477893505509e-05,Inf,-6.48458258610052,8.89777759466306e-11,0.7,33
"group:remaining_time_reversed83",27.445807274452,1,1.61558748945354e-07,"group1 - group2",-0.000340267886435378,6.00739646116803e-05,Inf,-5.66414899757122,1.47755978533191e-08,0.7,34
"group:remaining_time_reversed84",28.3671617312153,1,1.00353205142609e-07,"group1 - group2",-0.000351952846105432,5.99681895155883e-05,Inf,-5.86899235992351,4.38451638369254e-09,0.7,35
"group:remaining_time_reversed85",46.6769484191451,1,8.37079003560081e-12,"group1 - group2",-0.000437811925898865,6.1169689632996e-05,Inf,-7.15733443353457,8.22608466539028e-13,0.7,36
"group:remaining_time_reversed86",44.6088152676119,1,2.40605901929201e-11,"group1 - group2",-0.000388384017946018,5.85673632228833e-05,Inf,-6.63140692313547,3.32502183063337e-11,0.7,37
"group:remaining_time_reversed87",62.3792365476952,1,2.83294362066209e-15,"group1 - group2",-0.000464491145704891,5.93812850292477e-05,Inf,-7.82218076749451,5.19159839737837e-15,0.7,38
"group:remaining_time_reversed88",41.5115872985837,1,1.17174349422732e-10,"group1 - group2",-0.000376391844853478,5.941397204656e-05,Inf,-6.33507291110779,2.37229063772989e-10,0.7,39
"group:remaining_time_reversed89",29.6526197951029,1,5.16827332704796e-08,"group1 - group2",-0.000337212445831002,6.03429886807229e-05,Inf,-5.58826225222629,2.29353101576959e-08,0.7,40
"group:remaining_time_reversed90",6.6826028694237,1,0.00973583570413377,"group1 - group2",-0.000193366423414854,6.05044689875858e-05,Inf,-3.19590315641856,0.0013939389024282,0.7,41
"group:remaining_time_reversed91",21.5525772332532,1,3.44259746176923e-06,"group1 - group2",-0.000294833973036819,6.14603376770982e-05,Inf,-4.79714209488767,1.60945432031951e-06,0.7,42
"group:remaining_time_reversed92",24.1813135020318,1,8.76788871669696e-07,"group1 - group2",-0.000284296576038301,5.94212403059237e-05,Inf,-4.78442682405536,1.71475953173353e-06,0.7,43
"group:remaining_time_reversed93",32.2859225237903,1,1.33073961940294e-08,"group1 - group2",-0.000358234407352572,5.96211182900428e-05,Inf,-6.00851539902095,1.87229835637446e-09,0.7,44
"group:remaining_time_reversed94",46.1002605967269,1,1.12353509003864e-11,"group1 - group2",-0.000411128644780389,6.13499625121562e-05,Inf,-6.70136749796588,2.06478032879449e-11,0.7,45
"group:remaining_time_reversed95",38.7802438193088,1,4.74304098106368e-10,"group1 - group2",-0.00040856513887733,6.11706033165589e-05,Inf,-6.67910919176321,2.40399003000229e-11,0.7,46
"group:remaining_time_reversed96",65.4673584309594,1,5.90845195917645e-16,"group1 - group2",-0.000496191838748914,6.10757303171805e-05,Inf,-8.12420639380117,4.50298947794325e-16,0.7,47
"group:remaining_time_reversed97",28.927958571438,1,7.51207584706291e-08,"group1 - group2",-0.000316214870581409,6.0089368752483e-05,Inf,-5.26240959334994,1.42179581984655e-07,0.7,48
"group:remaining_time_reversed98",5.53890787155347,1,0.0185981857804258,"group1 - group2",-0.000146541722722528,6.16731607753112e-05,Inf,-2.37610203336929,0.0174966238536419,0.7,49
"group:remaining_time_reversed99",36.2345382596656,1,1.74942472453477e-09,"group1 - group2",-0.000380312980550921,6.15304382553033e-05,Inf,-6.18089178843354,6.37404984164448e-10,0.7,50
"group:remaining_time_reversed100",31.6190649812712,1,1.87578971065216e-08,"group1 - group2",-0.000324942016255497,5.69118034157755e-05,Inf,-5.70957159592356,1.13260904394619e-08,0.8,1
"group:remaining_time_reversed101",42.4367133494239,1,7.30066823288351e-11,"group1 - group2",-0.000370261381144528,5.64235571851951e-05,Inf,-6.56217721135951,5.30277415019379e-11,0.8,2
"group:remaining_time_reversed102",26.6949739142578,1,2.38240415203041e-07,"group1 - group2",-0.000302641792024163,5.60905974825958e-05,Inf,-5.39558866560602,6.8299254075896e-08,0.8,3
"group:remaining_time_reversed103",51.5318841138558,1,7.04437157648098e-13,"group1 - group2",-0.000441825525377462,5.66405713021577e-05,Inf,-7.80051322258875,6.16559065696084e-15,0.8,4
"group:remaining_time_reversed104",50.1374003471648,1,1.4334860815279e-12,"group1 - group2",-0.00043022205750386,5.68827122930459e-05,Inf,-7.56331827651714,3.92914609304371e-14,0.8,5
"group:remaining_time_reversed105",51.2815248778194,1,8.0025240495072e-13,"group1 - group2",-0.000421817777690061,5.67702357452474e-05,Inf,-7.43026292127691,1.08382029088929e-13,0.8,6
"group:remaining_time_reversed106",40.2422603908217,1,2.243423595055e-10,"group1 - group2",-0.000389540236017839,5.62594925149128e-05,Inf,-6.92399128759618,4.39092927819114e-12,0.8,7
"group:remaining_time_reversed107",40.2260090721328,1,2.26216366671135e-10,"group1 - group2",-0.000360650548360647,5.60902674842889e-05,Inf,-6.42982400577189,1.27751772165693e-10,0.8,8
"group:remaining_time_reversed108",22.3282533661751,1,2.29800619068496e-06,"group1 - group2",-0.000278042874754974,5.58146049965612e-05,Inf,-4.98154335719307,6.30791469172448e-07,0.8,9
"group:remaining_time_reversed109",38.0985230185077,1,6.72610267321302e-10,"group1 - group2",-0.000344385710734909,5.46091938494281e-05,Inf,-6.3063686983637,2.85658094749879e-10,0.8,10
"group:remaining_time_reversed110",57.742438523942,1,2.98786419286293e-14,"group1 - group2",-0.000422864632909479,5.68814159648278e-05,Inf,-7.43414392445775,1.05247328653516e-13,0.8,11
"group:remaining_time_reversed111",61.7503367986716,1,3.89884843442136e-15,"group1 - group2",-0.000438930304762116,5.48096876802508e-05,Inf,-8.00826137384235,1.16341438943409e-15,0.8,12
"group:remaining_time_reversed112",28.7202609013428,1,8.3624248688232e-08,"group1 - group2",-0.000330964015392923,5.87967798592569e-05,Inf,-5.62894798295347,1.81312062072886e-08,0.8,13
"group:remaining_time_reversed113",57.9987798228762,1,2.62280417465473e-14,"group1 - group2",-0.000448646759716062,5.56424498053957e-05,Inf,-8.06303031741345,7.44260562973866e-16,0.8,14
"group:remaining_time_reversed114",6.12057041007955,1,0.0133617677812321,"group1 - group2",-0.000151699263464147,5.69989162568527e-05,Inf,-2.66144118917189,0.00778069319065945,0.8,15
"group:remaining_time_reversed115",29.0967497810551,1,6.88523979457295e-08,"group1 - group2",-0.000309182048716726,5.60214164303333e-05,Inf,-5.51899734811626,3.40939339023811e-08,0.8,16
"group:remaining_time_reversed116",51.5139785108822,1,7.10891289935687e-13,"group1 - group2",-0.000414454663603721,5.632474330062e-05,Inf,-7.35830541457894,1.86259511294448e-13,0.8,17
"group:remaining_time_reversed117",31.926476740263,1,1.60119695764024e-08,"group1 - group2",-0.000327051800066082,5.67857268741075e-05,Inf,-5.75940149170138,8.44127045313536e-09,0.8,18
"group:remaining_time_reversed118",46.6718859990338,1,8.39244253313133e-12,"group1 - group2",-0.00038719696013043,5.46913034219605e-05,Inf,-7.07968060558157,1.44487082256821e-12,0.8,19
"group:remaining_time_reversed119",38.617756795113,1,5.15478147239209e-10,"group1 - group2",-0.000354981853804936,5.5675773754216e-05,Inf,-6.37587643365361,1.81919561437157e-10,0.8,20
"group:remaining_time_reversed120",35.9867050247711,1,1.98668450476703e-09,"group1 - group2",-0.00034423668443413,5.63096831774333e-05,Inf,-6.11327688258219,9.76058033501022e-10,0.8,21
"group:remaining_time_reversed121",28.1397253343177,1,1.12865254625371e-07,"group1 - group2",-0.000305715502304829,5.56675230615674e-05,Inf,-5.49181076310351,3.97833542835137e-08,0.8,22
"group:remaining_time_reversed122",37.4059664051108,1,9.592821693639e-10,"group1 - group2",-0.000362378002468062,5.7242356564375e-05,Inf,-6.3305919640211,2.44222403902631e-10,0.8,23
"group:remaining_time_reversed123",30.486404835932,1,3.36214404683145e-08,"group1 - group2",-0.000333482352897301,5.6085473627736e-05,Inf,-5.94596659931536,2.74830187963565e-09,0.8,24
"group:remaining_time_reversed124",56.2320638701192,1,6.44026622713049e-14,"group1 - group2",-0.000433313611774795,5.68261927295124e-05,Inf,-7.62524446846772,2.43572343899057e-14,0.8,25
"group:remaining_time_reversed125",27.1711138117345,1,1.86220311440058e-07,"group1 - group2",-0.00031511015746732,5.57918365596173e-05,Inf,-5.64796172519978,1.62361312126856e-08,0.8,26
"group:remaining_time_reversed126",52.691559093824,1,3.90264772212087e-13,"group1 - group2",-0.000409985905640576,5.65684758300282e-05,Inf,-7.24760389289017,4.24209041566968e-13,0.8,27
"group:remaining_time_reversed127",41.1671690453389,1,1.39750284411265e-10,"group1 - group2",-0.000366707649618559,5.55497624320478e-05,Inf,-6.60142606491144,4.07221345834542e-11,0.8,28
"group:remaining_time_reversed128",35.5611589272889,1,2.47167063888514e-09,"group1 - group2",-0.00029902473361096,5.35546203281027e-05,Inf,-5.58354688687891,2.35662206072023e-08,0.8,29
"group:remaining_time_reversed129",25.1962895362797,1,5.17817258014244e-07,"group1 - group2",-0.000302618643547361,5.65544176452261e-05,Inf,-5.35092847115375,8.75041066909126e-08,0.8,30
"group:remaining_time_reversed130",32.1970651610225,1,1.39301014230427e-08,"group1 - group2",-0.000358509327100426,5.68431852842552e-05,Inf,-6.30698869719618,2.84516599160868e-10,0.8,31
"group:remaining_time_reversed131",51.1054506623762,1,8.75348909892577e-13,"group1 - group2",-0.000397193759896243,5.47873131228683e-05,Inf,-7.24973971630037,4.17573300584395e-13,0.8,32
"group:remaining_time_reversed132",69.0909886700992,1,9.40239851176359e-17,"group1 - group2",-0.00046033302152632,5.45541779082882e-05,Inf,-8.43808923855828,3.2256732058997e-17,0.8,33
"group:remaining_time_reversed133",28.3089242308749,1,1.03418106493334e-07,"group1 - group2",-0.000288271767013514,5.45405947154455e-05,Inf,-5.28545331266579,1.25393851208991e-07,0.8,34
"group:remaining_time_reversed134",37.6636636528404,1,8.40558254999764e-10,"group1 - group2",-0.000373000129375764,5.68456894700857e-05,Inf,-6.5616255665621,5.32243283787071e-11,0.8,35
"group:remaining_time_reversed135",54.0978764021228,1,1.90747304467672e-13,"group1 - group2",-0.00042423054515272,5.69917383423114e-05,Inf,-7.44372004595912,9.78888331997287e-14,0.8,36
"group:remaining_time_reversed136",48.3578863393642,1,3.55113193972063e-12,"group1 - group2",-0.000387932852065115,5.68876598737492e-05,Inf,-6.81927948743285,9.14982409868262e-12,0.8,37
"group:remaining_time_reversed137",45.5372410119998,1,1.49764075034114e-11,"group1 - group2",-0.000400158539702394,5.60035549553602e-05,Inf,-7.14523461986218,8.98423035414615e-13,0.8,38
"group:remaining_time_reversed138",33.3573185784822,1,7.66886787238571e-09,"group1 - group2",-0.000364285016654857,5.85514877797373e-05,Inf,-6.22161845016215,4.92052466959473e-10,0.8,39
"group:remaining_time_reversed139",20.777726256629,1,5.15793753766408e-06,"group1 - group2",-0.000267713469785521,5.69612285549876e-05,Inf,-4.69992443240727,2.60257778352449e-06,0.8,40
"group:remaining_time_reversed140",32.3225233119091,1,1.30590803512275e-08,"group1 - group2",-0.000339101353565954,5.79494139860738e-05,Inf,-5.85167873565462,4.86635934831558e-09,0.8,41
"group:remaining_time_reversed141",43.6386495052644,1,3.94961235719974e-11,"group1 - group2",-0.00039013071805964,5.60235531903869e-05,Inf,-6.96369108781523,3.31471027364769e-12,0.8,42
"group:remaining_time_reversed142",64.2226565040517,1,1.1112350457964e-15,"group1 - group2",-0.000468604686453595,5.66998870313355e-05,Inf,-8.26464938447969,1.40105915760954e-16,0.8,43
"group:remaining_time_reversed143",41.5242370716711,1,1.16418603649415e-10,"group1 - group2",-0.000378421468506501,5.67006720695116e-05,Inf,-6.67402086597103,2.48888206248479e-11,0.8,44
"group:remaining_time_reversed144",26.3865605642385,1,2.79478319691594e-07,"group1 - group2",-0.000293429573748075,5.56847364217216e-05,Inf,-5.26947944093371,1.36811192434995e-07,0.8,45
"group:remaining_time_reversed145",38.1198667501444,1,6.65292793456963e-10,"group1 - group2",-0.000357131285813132,5.55742699074496e-05,Inf,-6.42619842613999,1.30834597968719e-10,0.8,46
"group:remaining_time_reversed146",25.3365691468824,1,4.81493251464023e-07,"group1 - group2",-0.000311608299885544,5.59245859172792e-05,Inf,-5.57193754364957,2.51921741004259e-08,0.8,47
"group:remaining_time_reversed147",20.8129166214233,1,5.06402782310233e-06,"group1 - group2",-0.000267343198447855,5.48339509809042e-05,Inf,-4.87550493198925,1.08530484669716e-06,0.8,48
"group:remaining_time_reversed148",22.6562660867174,1,1.93727404812338e-06,"group1 - group2",-0.00025003145771144,5.52745277014058e-05,Inf,-4.52344810727493,6.08402412844186e-06,0.8,49
"group:remaining_time_reversed149",57.9388483311085,1,2.70394076100356e-14,"group1 - group2",-0.000456467410832067,5.68224549174649e-05,Inf,-8.03322227973237,9.49454260253061e-16,0.8,50
"group:remaining_time_reversed150",46.2348250251849,1,1.04895841935671e-11,"group1 - group2",-0.000381256832741742,5.2138708919267e-05,Inf,-7.31235660883146,2.6249733858666e-13,0.9,1
"group:remaining_time_reversed151",60.0424355223596,1,9.2834105877043e-15,"group1 - group2",-0.000426655791380399,5.28478054547003e-05,Inf,-8.07329249927165,6.84274185510409e-16,0.9,2
"group:remaining_time_reversed152",39.994968469677,1,2.5461787296755e-10,"group1 - group2",-0.000330844607849694,5.30091430523551e-05,Inf,-6.24127440662324,4.34020063612136e-10,0.9,3
"group:remaining_time_reversed153",38.0164720316742,1,7.01498787478327e-10,"group1 - group2",-0.000336079507032938,5.35099983025203e-05,Inf,-6.28068618378387,3.37081934236055e-10,0.9,4
"group:remaining_time_reversed154",49.6595108535215,1,1.82881385074433e-12,"group1 - group2",-0.00036951605722654,5.20736139593027e-05,Inf,-7.09603250343503,1.28389294440606e-12,0.9,5
"group:remaining_time_reversed155",53.8540568176066,1,2.1594874432747e-13,"group1 - group2",-0.000383538817741166,5.24371824449046e-05,Inf,-7.31425297581821,2.58817149701203e-13,0.9,6
"group:remaining_time_reversed156",59.7696789686338,1,1.0663359051656e-14,"group1 - group2",-0.000403924202507591,5.25743287206522e-05,Inf,-7.68291697367734,1.5550637973272e-14,0.9,7
"group:remaining_time_reversed157",39.1390087366398,1,3.94678915723402e-10,"group1 - group2",-0.000329237493862593,5.29681868000336e-05,Inf,-6.21575918967239,5.1077085674718e-10,0.9,8
"group:remaining_time_reversed158",28.6562010122768,1,8.64367587839493e-08,"group1 - group2",-0.000289842593469776,5.262650842599e-05,Inf,-5.50753987180032,3.63883011026758e-08,0.9,9
"group:remaining_time_reversed159",47.7001591599276,1,4.9665130704583e-12,"group1 - group2",-0.00036804804723576,5.30419770886231e-05,Inf,-6.93880710028628,3.95424623095269e-12,0.9,10
"group:remaining_time_reversed160",40.6356672585794,1,1.8342775133159e-10,"group1 - group2",-0.00034837012792188,5.32533566548635e-05,Inf,-6.54174966246121,6.08032227246806e-11,0.9,11
"group:remaining_time_reversed161",21.966679276954,1,2.77425336245049e-06,"group1 - group2",-0.000251634715748815,5.23202889254903e-05,Inf,-4.80950546942067,1.51304156294956e-06,0.9,12
"group:remaining_time_reversed162",61.7629681180152,1,3.87391793598598e-15,"group1 - group2",-0.000425207200329145,5.16278125929306e-05,Inf,-8.23601037839377,1.78048496581559e-16,0.9,13
"group:remaining_time_reversed163",41.1917248419805,1,1.38005573743162e-10,"group1 - group2",-0.000339773997567906,5.31331676741565e-05,Inf,-6.39476267727153,1.60796901458174e-10,0.9,14
"group:remaining_time_reversed164",64.6851433888654,1,8.78749344106395e-16,"group1 - group2",-0.000440452252488146,5.25536829537739e-05,Inf,-8.38099687277039,5.24812949321824e-17,0.9,15
"group:remaining_time_reversed165",54.4909242106007,1,1.56167399513559e-13,"group1 - group2",-0.000400592101611667,5.16686779292744e-05,Inf,-7.75309370524264,8.96803905259586e-15,0.9,16
"group:remaining_time_reversed166",38.801942291725,1,4.69060895607231e-10,"group1 - group2",-0.000343673015401071,5.34838393945088e-05,Inf,-6.42573568561639,1.31233260397238e-10,0.9,17
"group:remaining_time_reversed167",48.3989001404081,1,3.47763188093952e-12,"group1 - group2",-0.00037759476878274,5.38075497925788e-05,Inf,-7.01750535451474,2.25864506902549e-12,0.9,18
"group:remaining_time_reversed168",40.3863751279496,1,2.08389273098507e-10,"group1 - group2",-0.000374858234014788,5.35908559832809e-05,Inf,-6.99481706602587,2.65605260978162e-12,0.9,19
"group:remaining_time_reversed169",58.4125215003679,1,2.12534009711985e-14,"group1 - group2",-0.000399003488948939,5.33049223884793e-05,Inf,-7.48530287767899,7.13823232495362e-14,0.9,20
"group:remaining_time_reversed170",50.3149744352459,1,1.30946513914356e-12,"group1 - group2",-0.000377918392990388,5.33672983610892e-05,Inf,-7.08146008129078,1.42643460958465e-12,0.9,21
"group:remaining_time_reversed171",48.8040186553848,1,2.82859649220253e-12,"group1 - group2",-0.000370467682873687,5.2421602146231e-05,Inf,-7.06708051082188,1.58227161812954e-12,0.9,22
"group:remaining_time_reversed172",20.6662002404886,1,5.46726305600327e-06,"group1 - group2",-0.000239791952619275,5.23831931367448e-05,Inf,-4.57765054515301,4.70227366113969e-06,0.9,23
"group:remaining_time_reversed173",32.9717106446043,1,9.35096551138843e-09,"group1 - group2",-0.000324239680349365,5.29600368908676e-05,Inf,-6.12234619506613,9.22074083904289e-10,0.9,24
"group:remaining_time_reversed174",30.3101678643246,1,3.68190742713044e-08,"group1 - group2",-0.000301978454738712,5.30030769718588e-05,Inf,-5.69737592591169,1.21665462476896e-08,0.9,25
"group:remaining_time_reversed175",57.0039634498433,1,4.34934466663751e-14,"group1 - group2",-0.000413726108058181,5.32637492838369e-05,Inf,-7.76749878896954,8.00511043399447e-15,0.9,26
"group:remaining_time_reversed176",21.9413839837482,1,2.81106104044224e-06,"group1 - group2",-0.000240311597873434,5.28669890580223e-05,Inf,-4.54558888552721,5.47818722916428e-06,0.9,27
"group:remaining_time_reversed177",40.4205773329003,1,2.04773035310448e-10,"group1 - group2",-0.000344712388727503,5.27592077356611e-05,Inf,-6.53369153029386,6.41680408304388e-11,0.9,28
"group:remaining_time_reversed178",27.3597290916189,1,1.68912459496514e-07,"group1 - group2",-0.000290793814817578,5.32579515784163e-05,Inf,-5.46010137827808,4.75862777847035e-08,0.9,29
"group:remaining_time_reversed179",41.6905856168573,1,1.0692260685766e-10,"group1 - group2",-0.000346048664124371,5.21063942559839e-05,Inf,-6.64119383168853,3.11152527099485e-11,0.9,30
"group:remaining_time_reversed180",60.4803509072493,1,7.43166166426589e-15,"group1 - group2",-0.000421552477375712,5.26565834858578e-05,Inf,-8.0056936753014,1.1879510372357e-15,0.9,31
"group:remaining_time_reversed181",51.3248772535119,1,7.8277362899358e-13,"group1 - group2",-0.000397577388617181,5.34322550710114e-05,Inf,-7.44077501667862,1.00096296478398e-13,0.9,32
"group:remaining_time_reversed182",40.2895337047531,1,2.18978966678931e-10,"group1 - group2",-0.000350022301843572,5.28977327035335e-05,Inf,-6.61696227710326,3.66655009534755e-11,0.9,33
"group:remaining_time_reversed183",36.3894595825071,1,1.61574652038377e-09,"group1 - group2",-0.00032981339763828,5.33836863238421e-05,Inf,-6.17816828230125,6.48495721855034e-10,0.9,34
"group:remaining_time_reversed184",39.2872151335066,1,3.6582884251494e-10,"group1 - group2",-0.000353942765905308,5.29334733510363e-05,Inf,-6.68655849500152,2.28479845986197e-11,0.9,35
"group:remaining_time_reversed185",53.6982140437649,1,2.33775674743505e-13,"group1 - group2",-0.000404888231725408,5.20435453141588e-05,Inf,-7.77979726940807,7.26408613237084e-15,0.9,36
"group:remaining_time_reversed186",62.1080522999806,1,3.25119265801386e-15,"group1 - group2",-0.000427773439733138,5.30973630187201e-05,Inf,-8.05639706782277,7.85761031309486e-16,0.9,37
"group:remaining_time_reversed187",51.1459872360372,1,8.57457840071993e-13,"group1 - group2",-0.00037441894809065,5.29693463248494e-05,Inf,-7.06859672751898,1.56508241784378e-12,0.9,38
"group:remaining_time_reversed188",61.3210423501308,1,4.84870435748565e-15,"group1 - group2",-0.000433529617089512,5.29612868405783e-05,Inf,-8.18578329477725,2.70538171482945e-16,0.9,39
"group:remaining_time_reversed189",50.4265529973395,1,1.23709026598373e-12,"group1 - group2",-0.000383571772729868,5.29073411779799e-05,Inf,-7.24987807343287,4.17146974906076e-13,0.9,40
"group:remaining_time_reversed190",43.5288507972597,1,4.17754736293657e-11,"group1 - group2",-0.000377962864253484,5.33627051540397e-05,Inf,-7.0829029968109,1.41165494701422e-12,0.9,41
"group:remaining_time_reversed191",48.2687784326277,1,3.71622295374214e-12,"group1 - group2",-0.00036759507939971,5.27017274603127e-05,Inf,-6.97501006350368,3.05848922065782e-12,0.9,42
"group:remaining_time_reversed192",61.8184325559588,1,3.76632161869324e-15,"group1 - group2",-0.000435962933267108,5.2616047005012e-05,Inf,-8.28574091142917,1.1737605567497e-16,0.9,43
"group:remaining_time_reversed193",45.5994995865694,1,1.45078639839338e-11,"group1 - group2",-0.00036446191747871,5.31436897523775e-05,Inf,-6.85804691350782,6.98083368129756e-12,0.9,44
"group:remaining_time_reversed194",27.8533359651206,1,1.3086823315051e-07,"group1 - group2",-0.000291255409589681,5.30777136472121e-05,Inf,-5.48733902755398,4.08033554939818e-08,0.9,45
"group:remaining_time_reversed195",38.3560889916068,1,5.89438856560339e-10,"group1 - group2",-0.000337967041388908,5.35155729183425e-05,Inf,-6.31530268590415,2.69633209102399e-10,0.9,46
"group:remaining_time_reversed196",59.1305681409063,1,1.47549240969372e-14,"group1 - group2",-0.000417656664286571,5.26328540021497e-05,Inf,-7.93528438092133,2.10013551090035e-15,0.9,47
"group:remaining_time_reversed197",46.4563927847505,1,9.36802244237852e-12,"group1 - group2",-0.000372814620009294,5.24086039109798e-05,Inf,-7.11361479200151,1.13042380178585e-12,0.9,48
"group:remaining_time_reversed198",41.4823819896717,1,1.18937997495324e-10,"group1 - group2",-0.000361281300127163,5.3479686255322e-05,Inf,-6.75548653001325,1.42356733937197e-11,0.9,49
"group:remaining_time_reversed199",69.6746423484894,1,6.99394827025675e-17,"group1 - group2",-0.000449218176185978,5.30869935903709e-05,Inf,-8.46192533810125,2.6299888504922e-17,0.9,50
